GrC81WirFRQ,
F88JQPzOkHQ,
Mio6aQcIOXE,
kl2pet-Kqqg,
_e9O5Dsbe0E,
_bPO2cH-pkY,
Xru6okdUbG8,
J2kgOe5TCDc,
7ofecePIiE4,
nm31NplHG7A,
4BSOParKYho,
_aQTk2RESms,
uQ9zAcVfAZs,
MxscYR95Ac0,
jhyTKWe-0Bw,
F6nPe4o1-mo,
EtUVarcSQwQ,
vD7-VEJgZQc,
BBWAmLOcxB4,
rGc9Js_mOTY,
KpMFCgYBrJQ,
YJHLE2ojlm8,
82jRsbA57Gc,
YBNkI0EwDao,
UbjXDKsNmI0,
tsBmr-zd9Ig,
Of-KVI-NQ3M,
wQF1TEzZIkI,
YSt2hWZIbCA,
j9sWEvVe02U,
DMC4ipLbmUY,
MqEtM_6Rl9A,
3e62eW7_jzU,
eyxGT0HI7vw,
J0uhl1ZbIEM,
mP95k5z_XDc,
pBRKMbGEEYo,
nkJnS1EsTNw,
ZwxXLbABqek,
mDQ_a2RaANs,
72vzF6xZ1fc,
7KBkfS_A26o,
JYaUp8jdbbc,
82ZrV4FhoEw,
1Sd6dOLMucE,
ZzgrDl-_M9k,
iI7gXJOU9Kc,
7wNq3p-0STo,
cWUOCOwc_Tw,
0iGYyYNnqDE,
vG1njARaxJE,
e5EEVel7pKk,
0FgrRT7hOSQ,
-Di-7oJR33E,
g-1QoOSza3g,
pwwNl_t_oJg,
eLabOZX2is8,
kLf6yN8dgD8,
fSpTXnCt7BE,
3RE7iu-Ltck,
W1e9t1z0C6k,
hXeEskxxVJ4,
vbJHRo7f8OI,
L6-WgIwiNcg,
nigpbw61fkw,
m-uxrDe8Sdo,
wlpMGwumFdU,
uMRRLrhLW44,
Ks3UxpQMdRU,
vY4370am1Gg,
tHGHbh6Du5A,
o1hfCMSwOMI,
jwrMdObP3FI,
pfd4wvaCSBY,
1lZ7aFlkfTI,
uq26npNBT6g,
s7gjxCrt2AE,
gSXN_SPCX1I,
lTvaPIX0ag8,
JxTbq25zEsA,
88geVDBQ-jo,
fp0k25KxSoA,
t4INr3zZk30,
Tn7B6zUtJbc,
a3Tb_YIriUE,
hg9Ce16xtPc,
VYR3vxR5yGI,
c_50inUqm_8,
HE7HSe68Abg,
5W-fy_hGdqQ,
EYk3fFhfrDY,
eO1Pd0g7zrk,
O5N0CzGOXM4,
V0dholp0utU,
BaHBP3SFA7A,
koMqL6RZygI,
7A7RYMvguHA,
g6WkjnVKAPs,
o7n6vntafoU,
o-BJWni_ALs,
yWcKj4zeLGM,
x7iuxTvfdY4,
LOHjKJjQ_C4,
aTHLd4JBiPA,
xYoqJxYVg6M,
6HN0e8j1iXs,
YncT3gr0zmw,
ClVliB-bQTQ,
B1CzAQ8t8LE,
orfZyy9KL3g,
bzzPUlPV6Hs,
TJhkGym0-qU,
CpU-3AUNuV4,
Pi20bYnsOUk,
KbfnQrL9lR8,
Q0nGMkhlepo,
pPwBR1CTCa8,
IVdWj4Ox3-c,
xSzumgA0R70,
oFxj2EPeN_8,
zlUpcNHVUBQ,
xeS3c7abC2U,
6cezUAU41W4,
9GUXQpssMkM,
VH0wq2QexQQ,
sSTbUqkK61E,
nonq3iE5CG4,
M8l5NJOGztE,
8eokfVV7ZSo,
VwmUVlKVEjg,
LqWti54eEI8,
yQySZV_9GEM,
vKqY_nSkuzc,
ceSbMO2tWbI,
Yq_pgALU8Ug,
_1qOGBhy0sk,
PSbC8T-WdCY,
7pTXQnNna-o,
Ae3ABYOBuaM,
5hyTs7GysHk,
MhFYsk7GaQ0,
JtmwaezDLNE,
JSZvD9FAvlM,
yruwCAx0Psc,
FJdkvn9Hre4,
hSdhiMIyrsk,
9B3OPjujwoU,
H_qnmHMd3xM,
Sf0vUlAvqSE,
mkwsCwSwY6o,
GJ0lWB3gBuA,
iA7Ft38utc8,
VVoiYKhVS0I,
HjtURg3lmPI,
u8kd0Lzlr-Y,
U0WtRESpynM,
cXWVsRvDlGM,
NGd9wgdUjm4,
eZFo2Qho-2E,
tMpKZVSdZ8E,
P7J3BZKX8Ao,
mbQLCzGgZPQ,
-4qL5k1hQCE,
84baWtXsytU,
Yx6mPlkDdC0,
ovfLIC46HVE,
F-MeO7B2oIM,
eyDau7fjwLo,
0kCM8Dm0q5A,
P0_M0VJjdCY,
6L8JjZAIIbA,
r7JBEvu_gG0,
JqnPt0M8iao,
Bw7kjWIm1OY,
TpdjhdOZ_5Q,
vjEgolZrokQ,
02xPvDacbos,
qUmSEyKNRng,
gHw8tAHQG5k,
HSTNwDrQpic,
QFVKs3__-Bg,
2Xq35pQ1_tU,
Erf6W7MI_To,
VDL3kZ4-eQY,
rxB6tNhFk6Y,
meA5-S9NFCw,
jSgplbXKuCI,
k514J6DwsHM,
0yLXQuV5eAU,
SQ74QLU3v-s,
M5-W14oEjB8,
xSYaxwuGC3M,
Lpy8m5vYUt0,
foC9g1nGgxs,
h0QMvdyDZqk,
3vAGZx-aqFc,
duz9LHShR4I,
s5Onn6FRapc,
GNcTGeDuYt4,
GsKdq6upjMY,
0PvOaFJaI_8,
j8l_qzw3rY0,
B_VKwYUGLYk,
IHhsnGwWlpk,
Qs2Pj5JdFmM,
mgqLXSemjZU,
yu5brx6iBI4,
tu5LVzkA7gs,
sR1eRtwUf5g,
-GjMiu2SQls,
VhQc45jABGg,
pol2WdwGsGo,
tXDoU38zP7o,
nPgsCwr4Qvk,
j90Ofpae9kI,
U0NM7wAzzFA,
1Ii0wqvEJ4w,
KwSjGdrx8uQ,
fTtv4hdFOYw,
C1tTZ_zzN7k,
lUqEeYlFieg,
pyIfbaZB2zk,
Tg4z_KOdSx4,
56aVKUl6UxA,
YfbL8n8qUps,
KjKh5n4s2yU,
QUfhF4ba2pM,
5RJ7DukJkko,
rBmYLTbxn5Q,
6cvAYSSK6ig,
jB8xlLgOn38,
IxgnewD5Fns,
q2wihdyPnJ0,
Ok_NoF9lNtE,
3pVwbY3333k,
7k09QYQAfPI,
uSUPFGPlm6M,
vuII1FCgVpc,
v3ARxn4pg54,
sSYdNXDC0iY,
LcDPPflfxTU,
t08L8GgH3UM,
Tv-Ga0bPeDY,
4j9taIi7cwc,
cidYkMsEHkg,
kVQslGva0bc,
mPw7OhfynDg,
-KPQPBfen6g,
1yxAP2J86BI,
iimEP5hpD7s,
L_v83T60KAk,
bIHd7t-xXG8,
hieUwlIDDzs,
gbfo1q_BboE,
V5g-1p9eMzg,
tDfEdN6eXWA,
sXqp4DGnf_0,
WrIKkfMpqYk,
Cb9tdLCExGE,
x-cSHlCP1m0,
OK3gZwW918c,
LVtQOO0FkUg,
dYNcr3sdhSw,
EnCxW3fIt8M,
XRmeTFzsalM,
WzhxDBCduGU,
Ohy7bo8tdIM,
7BELkpBUqhU,
HgWoqBm_F7w,
KzSlK5b-sEw,
pWkfKCsHSaA,
U52tJnY6FWs,
gctZt7bnPxI,
3CbJ4D4hNFQ,
SnoNga-e_WY,
u3zj6uAbU-s,
35ooIuLnWsk,
s0tUKYKcbtc,
ZZ0luShf_-Y,
NIrCuKYY9WU,
egDEgItGqBU,
PImOXKwrtA8,
G77ZygF3U-w,
NGseOxksqgQ,
4uDU01VSSB0,
LL1TTTHaSEQ,
qn-2aYWHBnI,
-14lLvov6cY,
_0xW6dvZHK0,
MoLzk5FeonY,
nWVZMZh6vVQ,
BGUbweQffOI,
UHhv-blmsh8,
mIAHRFyBakg,
rUrJDK_rJ6c,
ZUcKEcAsrjo,
uBKMULRDCrc,
h_Q3x7ravpU,
M48G_pgPnoU,
xT-q0rcfvCM,
w7yrdg5sLU4,
8ukO2TSycIE,
hzlsC_fGODQ,
zrKahmqMvds,
FbG7BYWP4_4,
4BBMQCQxknA,
CuOJolYrqgA,
o8s9OVhXBPQ,
3QFM6rhR_dU,
87FnT0MnfYU,
hDmGUjle310,
IOUOUDcB4SY,
XSidHolj_G8,
5zQs5jPnEIs,
7RV8piG_WUk,
QMGTyq_oHvU,
AnHb-UcZ-7c,
wn5dENDadiM,
te_uyh3hjQ4,
lwF5tLjw3KE,
J1C5et2NhZo,
tp_VTVJJq8w,
aQeEXZNupzY,
ngRMEZa3fhQ,
_DuaSR4E51M,
M2_F4TMybvk,
vEGaLVH9AMI,
CMYs7DNu7No,
C9v0fNXhNrQ,
83sml8QyyT4,
hASwoZFgwcw,
tAfi0Lp-EdE,
39rIj9jkT84,
XdOMIhp95P8,
iVJRzZ53ZOk,
3xbYJE9kPGU,
B5S1qkgThrg,
yIoIyCuXeSI,
JGNuicC9vNg,
r6DTs6PiAqI,
J_oERFz-stk,
1d7TTU_TdOI,
0VJOB3GHfnE,
VK131gX1ufc,
fVb99qJ1SpA,
-wuxSJkaFrQ,
Qc-lffzO5HE,
4aMslzoBj8k,
B15qZdFTRxQ,
xwCsOIPi-Zw,
3cqutiuYt_I,
SWxWqGPJKhA,
PWWRzCyuiFU,
KQdfkbMCde8,
FEHWcdjusRo,
qVIlKNlnAzM,
agSkaNs00v0,
tkSZeR6dISc,
5Wty9gzdF9Q,
A2r0Y6jgtIs,
TZPnXZwzL1U,
qad0p43KH80,
u39LJytKdDc,
BTwA3L20Xkc,
rruy2lLTlmM,
kMpYw_KYadE,
_lly78B6nec,
JPBJodhZ-u4,
W1JYlj81stQ,
Dy1Wku30lZo,
lS62CEk9kjE,
WPAxQHAv4Dc,
inRU2Pa_fls,
3RndKq8gv6k,
OTZwDcBEWvo,
yzR2gk_pqbs,
1B_bASsSq1Y,
X2FJ7GEYDbI,
lr09p9Q6N1g,
g4jbbJAZ3m4,
mLigEYeFdU8,
gMTBPakvBzc,
dk2DKcRw3O4,
SENZBM5gyac,
aWk9cHcip7w,
Ybn1IJkJ3us,
VPxYpT5I5T8,
g7_oK9uZ9oo,
0kMjHsSY8BA,
uIBSDbaeYVs,
-Eo5rH2kn4c,
M6_h20a5PTc,
uv2SheLDXFM,
U0aRE_OZaos,
_nSToXsCiW0,
pH1QU1AhbBE,
b-JLZNnH-yM,
C6WwWDg-iPc,
T7ILOhxAvH0,
ANBWlcxrVYk,
pl6FtBUut_0,
7Pe2awhCry8,
LOF3_-CAAfk,
RckH7xnkszk,
q7yjWOkElFo,
ACxFdM2dkz0,
-G6lRSrtD0A,
8tIub5UkA9g,
8loI0l2MYUg,
WcTk3F8Glo4,
ANp0krEHpV0,
sSa7CW5C-Mk,
GJOk57z53h4,
JaV56ZJkyf0,
ZXh_1ASqVmE,
E8acNTzCYt0,
WF69sA0xvKY,
XX_UAkUA8oE,
FA7Jgp59WWw,
un_Du7UAVEg,
fsBLqpV5EAA,
sB-ncASj-Vk,
J3YpWljtBGA,
nzRwn-a90a8,
plf592KanpE,
VQ9xeiUIgHw,
aHzw3-Ney3M,
gFzO-XfhOL8,
X7pUxptBs2k,
Cf_I7MFRA9A,
9j0sAU-eXig,
oZhPx8DEk8I,
XPbB1UV67w8,
y5zC3TwKH7w,
kYIwCxS42Fg,
oJgkQmOosPs,
jRsGhWogRrA,
8FhY5CgsJBo,
MTMxVCx0deg,
UfB3nWXuRfA,
KeZO1v0L-S8,
G1lOuzlFhPw,
aqRkeS53WxA,
2HUCYeIudxY,
pytQ1AUzhA8,
nL_YxK-Ahio,
B2e7QmgMHwg,
up5qT5AtIU8,
ejYHNsrMSUo,
fuiJMVOu_2c,
DcotF72yp4k,
-s18q4UJSPg,
7IkAGH_syzY,
JUJ5tpUHVdg,
PMA1D8pQAL4,
yowxGdFzNiw,
JeCiQrnLSyU,
LXr9rSelsTI,
nqdnyNU76bQ,
MdgrAbHTRUs,
5iHC5GG-j0A,
4dtw2U9-dUo,
ogBwocnJB1g,
R_i_wO0kCQ4,
w_FTI5OdslY,
j6DQ0UiaTfU,
b6tWtGc9Uto,
w24_WVXnAXo,
LWIsBEowIJc,
68eyCij1JFc,
EXKA65CTIyA,
gOsIRUqgf9A,
kZSqMFi_mgk,
VC-398WTc6M,
0BJQOmerFnM,
XWPwnQIyPiE,
bofEy9uOpO0,
QGtrHbFnh-I,
4Fj-fBhnU54,
0RK2kTpRoXE,
FYOs4rM8Lf0,
JIbz2ZvclBY,
AKHPpvLZ2l4,
FprIe93meZk,
EpAUaBn956s,
7oQNpp9ATnA,
0t6dGVsBN1c,
mgoGeTN87Bg,
sd2uXr-lTsc,
cvf0128ARQQ,
f1hGRehrgN0,
9oWHeOGrQ4U,
BQvcgN3sylM,
6Q1bBQ7j5wQ,
TbJa5cv4HGM,
79GKIt6t4Ow,
xySOccasmVQ,
7TURn_dsAyw,
q41-2-b0dz8,
FLs51J_3Bhs,
WjdGDLItack,
uZCTxC3gQnk,
0py4ZOqPt64,
DRO6qp2qmyA,
LfSctmyTZmw,
7gl9Ga9jttM,
Ef_REIlkNvE,
KL7mJsTp7S8,
U41mpsw5QKo,
7aebWaTCC4Q,
055GqiUZlaA,
WIA6vbX0Obw,
29Hovp6Bgko,
u1TLS6bgQ14,
wPtd1Lb171Y,
-J_nWc3p56Y,
4-gQfTzumy0,
0lDGnMx0onU,
7Y9hx9r1s5o,
R2-Sy8ydmdA,
YDkll1hUbFw,
7cn4bKQAKBA,
3HHylzk4QZw,
jMfp7ovzTqA,
rcJgfUbFFLQ,
ch8RnqfgsHA,
Zhl3LOpNal8,
vI1TURPqe4w,
YqOgSXax_Ho,
Va99oh8pzRI,
6lkrU6x-hOU,
SceYNG7DUL4,
zaP4Uz0rmnw,
UeLHxBh-Mf0,
23hB1mLPFts,
2u86AB14kis,
r781oapCHRE,
WuThyKw-QO4,
JqpzZ3aw0DI,
72IeDZfB8W0,
pFuhr_omMIk,
Zy0jpXYr4vI,
VBDIgXgiC4k,
sQVjlJf-H38,
oE6tt4Nhtyo,
9llza8-Fd9I,
USPWTTZ8D8g,
5GrPOSzw17Y,
1rbu9kMN610,
EQcrQ3Z7p60,
8aZRgy93G-c,
krLGHkYFrFc,
4iIf3VP0Yks,
xdm8nWiueWg,
rRFUeirJnWY,
2QzD-aTShIQ,
UdVjEJNXJG0,
27dXX4_2xAw,
Zow98XoE7kM,
WQQtua8GqDY,
g9L4ZkGgfBs,
AFa9ESTZPRU,
uVllslHiII0,
lOOTx2RJMg4,
1gWL2GVEcyo,
U4DeB4V2ZnY,
JexVhykBNQU,
4itUBBABH1I,
p5ttwByNBOY,
l4Dx9gBjGDk,
JZDTePDt8OY,
3dVe8M5bnM0,
WUUYqUr_LKw,
iO8MCoO2aRw,
zNPbblf4OMc,
IRVFdsFEilY,
m_UuThuJhWU,
SsqMEdKRYF0,
KbNhpSizJlI,
4DTLQD31qmg,
9PEwqAV5kfQ,
PI4Pfml19n4,
5KCKGEH6t4g,
mM39CmlSyLw,
gj36lMuiOMU,
y37OEDfIBvY,
7V9mywldGEM,
mxis_WDPB88,
aocU7lERsIc,
nFC-fXkx6eI,
fh4_W2F19K0,
OeFDYDbtZKs,
44smyu6C6wk,
Bt9tmM_UICE,
yF1AsSxwPcA,
M391YtPvAK8,
hpHJym_CMM4,
ML5x0ikRH3Q,
6NihZr8rGww,
6XtnNEwOwIw,
NOS28HbG0Pc,
heaoXjDt4iQ,
Up8ePhVYaxg,
ukDP_o-uOQU,
c_I8AcTj-zY,
pIa5KqOtkZk,
xw__A75foS0,
WXYDFlAprIA,
YNlSgfIIAW4,
0OiozoQmpSg,
om0h_r2TAmw,
X9QEOyOE0pI,
MsTN1lm9mK0,
A0Zm9VMfKaE,
z8okI6GzlpQ,
tJ8wezthqMM,
TobD9L6FVNg,
4pw2qy99RjI,
laQq-nAEJWQ,
9YrfOYdgyUY,
CP1vtsSSRSc,
NeJ_MbixFiA,
yMVwakSYfgE,
lI2iHTJ7vSs,
0U9m8eOreWQ,
YL4ir7u-olM,
sfifBkKkaZU,
TAspsq1fEXQ,
mxdHBCJ5LAY,
lTcOH0O9lYQ,
1gkpBsPLmhg,
z31ood8-mYk,
zXriAIrXKKI,
2dNoKqcWSEE,
_hCKaE5vojE,
BgdZ5XDIqio,
ZNhjWoS-ZSU,
39vWxYvlmy4,
0D5lW-PJunI,
SbIgRITOI-M,
qqYf8YIIlWw,
W8gZ3T_V2Ac,
k0gQyhjF6gI,
JwMI6R5uW_Y,
QIA_-4AgCrE,
vmdQOlBcMz4,
5yICLbqy_TQ,
k-RgEMu5WxE,
GqKQeiolMN0,
X4JtP5s_F_E,
jcs3rqKRIQQ,
tYXMhNDeCQQ,
zUXcKVWtd_w,
ndvnmb21gKk,
OQE4GiROhjI,
2C9AfFQkFf8,
ZNJYAfZ-e1U,
P6keFoHw4qA,
rJR4JZLWeyA,
C-NlMy3LUMo,
XhGowFWZIJM,
XLDSeMb4qRU,
CxdUWqMPy5o,
g04fI9Lp4EU,
EWFfTqU-ySU,
AQzuHnzD2Pw,
6l5llKD59XE,
An_tCbHOJ5s,
zOqlFStX8cI,
3P7tP5M6T0Q,
uLVANUWOmV8,
FD9CvW6BSz4,
8SHzJnMeWd8,
iTvbnclZPec,
mAtGXhNDVzU,
L0-5Y5SPwD8,
rqofyQB-oE0,
uxPInu8c1_M,
2Nq84_SqAlg,
3z2nFj4JQf8,
wU52rpQyp_I,
fndCpsjzyIE,
CnNrng-4lbI,
V5e6B8yziic,
ObWJJslCgss,
CsKDowluHXA,
9ndMl6RdDM0,
M95Wfxo8-OY,
zuFp_VUaqko,
fq_0Alu34PQ,
H8XcaxPWBS4,
YdW71YqHveU,
W670Ilkd-Uc,
xfWf7nQFlIs,
DnkiPlJorRE,
ICtEBMlrYPw,
H7Xw-MxSad4,
rLiuscLpgy8,
6M58VGf9Y-4,
kqFhBwpIDKQ,
o3soHsVuN4c,
EN0R9RMsXWc,
Na6TzB6tefQ,
pIkui_xIUpQ,
Reis_usVUFM,
InIDG8GxVaU,
FGaOcnZCafo,
TK3_3Bw881w,
XscBK3k9krE,
grQiyopfzqE,
vzCrjn1Aqws,
2BX-sWfYC8I,
DNksS02TfDY,
ast2AssthF0,
OhqoMECPx9M,
NuC0uzPHlmg,
H8wRudJy65o,
1nPyQNX1Nnw,
K-3y0mCUe5g,
OVJNZzNOo3k,
-3jGWfniWJE,
VzL5PJCC--w,
tTSB3J1VtGI,
gPf998AbEjo,
Ya0WUN_P2p0,
eP_4t0VkkfM,
9mR_HFJhOUw,
TKUn4LLx3mc,
3VqPFrhOFjY,
NZEz38uzAno,
ba4P-UECvog,
ph4A3J45YwA,
msQqOO5smTQ,
Z2PDt-K1Tkk,
zfIlKGbXc7U,
NEdgDMLE7cQ,
Wt_ksMySC-U,
8tlTPT2dygs,
yGPQ5HqC7As,
mtD3oSXe9po,
4Z_Vjsmrdbw,
v5PtZF8H4Rc,
jkBCjmfLG3k,
VAZ4uu7dHXI,
XXPkV75kghQ,
jrGySl96lDg,
D57LChbxLRA,
661kUPde2hQ,
3dkv0topkSI,
Uborn8zRjmg,
9hl_AwOdLho,
1VOTV-dF9-Q,
udEGHowT16Q,
5JHZfCAMwLM,
0onvcmoS1EI,
YlANIMFeSbY,
5ho1-Bvrcmo,
xkKmZIe1qDY,
cdrHOw2sp60,
DrMJVo0dX3w,
1cvcJoNfjGM,
fSvMXWtxpNg,
W0tgkTUCS9E,
T0ct_8gZ6tQ,
loae7Xu-aew,
EWJp2_MqdoA,
x2vv1zwyA6s,
T1z1DM6op7Y,
J7HNksmFlS8,
FzOQKqfwwrs,
hN6UmIMZgzc,
-mVNy8woTwg,
rt_dhcz4CP0,
wifCeNWPC78,
N6lkbeNBHVw,
Ih3gV6DrJ-k,
awVg46UIE90,
tV4SMWlmxFA,
xTDVWRSmwZM,
Kv4WuZydjm4,
FrIAUTy5Hts,
AFDgNIN7inA,
qG6QlCofwo8,
COu39MMo3xs,
--S3LNRUUBk,
4Fso0pcZiTU,
9ggzXG_GTSA,
7iMnrEUzcUI,
jpNJtrVH_hQ,
bGhcstAfTDc,
B8R8WZWGIHA,
L96aZT4nCko,
Ptf08U5e00Y,
J4OmUS8HwSc,
Uh1bFjzVikg,
yw4UvNcG118,
K_08ocK2sDA,
VgkHN0Ym_qo,
Mb64pHu7OmU,
FIgboolItwE,
y_xncGQfoso,
n71egWbbAwk,
f_PLqbUC-bE,
FzcZXRnJ4iQ,
Ljl6z8zSyWA,
lafdQQ8a1GA,
D6aHoO_gOiM,
AkJyVe0RQRE,
HOCu7BWM-9I,
CQlwbrj0fwI,
x-iFKNpHWFs,
Jx_dyFWvwQo,
gDKnDO2y-rY,
MaCi_NR8vsk,
JijqzqnhROc,
mqKV0r2k4XE,
T9yfF4dKmj8,
K0el7BL_2X4,
JidKLDWTYb0,
K9zH1RTPH9Y,
qkgFiBkBLXc,
LhVTwCokyBI,
BvHma6kO1ZE,
MOdXq4DEsec,
4Ilf2LARObk,
ILduxiiWtuY,
0qKmgdON8HA,
TQbUZlylklE,
jRdKV82iwBQ,
Z7Qzke8R1g8,
f27O3MNjYsA,
NENvvgcoVRg,
9QetCNkbfBE,
XmUvlHTX-9w,
W1wI48Ok2v4,
6XoC3-aDN4M,
reB97-q9Qms,
1KpLDC8W5jg,
DTya-Jbd6Hg,
QaDgeSr2RrA,
IOut7pYgBMA,
A-FPzmfHee0,
HeHC0WlHC_I,
7K5D7j9Eb6Y,
5J_50xxITno,
e4IzWgWp9cQ,
zyUXJ3Sf1UU,
aCEHawD9Ohg,
-eaNR0tVZkk,
T7XFQ6KSMkk,
HJ3lMCDyr2o,
8-BrUHxO4UU,
SvSNshPNQnI,
1ZBRnrxc7l8,
UdZSGd35qQY,
iNxPdm8lqDE,
wFkUIvRq0-o,
NBgjMkObPmI,
PTGzolusEI8,
6nWE6RkeTgI,
SkSmtpmkXKU,
pp7BccKNJoQ,
u5qkiuy7NdE,
KvwOXyHVLNg,
jzorGG5LfSw,
7yFGleDcSEU,
OWQz2VjltT0,
012en7bL0p0,
IwrQFar1B4U,
KpkQbnCPv_w,
kamx-pZKe2w,
onGICftOxIM,
k2S5I7DVnF0,
B7X1M94qjrM,
CXIWgoOUth0,
dc5RzRMx_5Q,
3Q7nmgiIt8s,
1ea_cjYL_ng,
2T4qfGhno1U,
GtKS26flI4o,
q8QoVmpx6Rs,
WAoG2tlCqcw,
NLG4z9yXa-I,
eWKAx8xGqBY,
8UXvQos-ao0,
IJUEPSiYfc8,
zqNIPhTGQqU,
yC0gJMP-Dr0,
dnW5pbxIVqg,
J3oxECoTtHA,
Cy3CQGdatNY,
Ph9FFQYe3Co,
HEjXM0iVbSs,
LwWJ00cXbCw,
-jKs1rQ2PQs,
IAVSuNb6uDk,
Jg-aRr7rJ3k,
KCisBYmXq_g,
DZjqSNSEnRI,
TucaSKWZoss,
hfSvxeSSEvA,
MgK7SyTPFhY,
9QZD1OaWA-U,
ncsPnipx7Yg,
U7Zg8BARIcY,
sPjIE0pLkxo,
wcUk8ADhN30,
GXC7ZNcrfBQ,
0AjUYNe3vt4,
Bmz2DEqcS88,
vUeJbZQ4i4o,
MIPsi3q9iDg,
DMylASNu5-c,
LRa410g_YRI,
GLhn_sWhUUI,
858jHKSJ04k,
XRCq7j2vZR8,
nQSHSNim9KA,
-7MICRi42MQ,
fmV-ib6kGZs,
po3IU5X4JHQ,
F3cYVAGJjyg,
tI_-O6Hx1rI,
Auc5FlCcttU,
bRvJXuXsbk8,
SdS9EkyWDzE,
86exNZlCe-s,
fh9LQoXB4B8,
n8qBioS_LEQ,
Rp-BOjG5lak,
JOkRPJyQ268,
soxPQFk5Tn0,
a1JFNcNPt20,
LEiZ0fbSOVI,
9CYQYrlIBOw,
f-UNKIgVNTo,
6-9yRR3nrGE,
HRDScNlLCtY,
tr7JSqqocJc,
Xru7742VJpg,
T-_8BxSfDIs,
6ZNCl25IEvw,
yta3BqkF8gE,
Fn-liqDr1lM,
Z7qOwH3qYH8,
lVJhcw9C0A8,
iNfrd2AYWBQ,
XDPSxAehSEk,
9D5QCI7SE4c,
ZD5tnc2goyA,
1jtfc2gr5l4,
6NFE8fQtIXE,
Hv9IWIiXfro,
acmzo91jOAU,
_FtkslmQVsw,
dvOvHUWgkQA,
n76noU1-05Y,
N4n2yColfm8,
ZmIoqN4ovaA,
Zd-evDTVD-4,
26JQY3Ps01A,
V9CHwbEi5PE,
x5znNsBT8Dg,
NTIiFbIy3SE,
-rVz9Nd5BBA,
79jG_I8gYRw,
6kkFoqpB0ug,
FyyW5ZsvZjw,
C25awaObUsg,
nlMiLr9TGzI,
0lf129Sgajs,
kGcZoWqx79c,
0ZgBuJSsdNg,
0q2K_Rx0YTg,
T2g7t1If60c,
jTebjdIHxpg,
QztfNVvTk6U,
Q3LOAUbvS60,
hv61D6Nk_MQ,
RHLmWgBCQiM,
GwKVceHylKQ,
SNUjV7vQvM0,
N456stJ34v8,
iOEjc9d_rh8,
mdNz0xt2-Yw,
Q6V6c_Ezxu4,
ROjmbDaVJyk,
2VHGjNH3oyE,
W1_bV_BlEY4,
-T6aYCdPQt8,
l9HYfYGQLYY,
R3Il7dLWQ4k,
CXFdu1Avk4w,
6lLX1ePGeUA,
8wGE9ZbH2F0,
UrquOHAGeHs,
OdaS0AYESKA,
DLmiB9YOm-g,
B5yQ_wDBM0Y,
wkMliOeY8lI,

