xf7vX3D8_ME,
dazKdq-FecQ,
Pt4RwT_xu4g,
D3zXMOuCctw,
RqxewfhFDDA,
CObmGLcuJv0,
fJmdiymhd6g,
0AZ_H0H4STA,
pxgVBZhN5Bc,
X2AqUrAZB6w,
hNeXr2lBPdM,
dOWnKt-hnpY,
0K9aGKi99Jg,
VaFd1fIjkdY,
j_IpsYHtKS0,
12V6c0AAyTg,
v4SHDvQjIWU,
FACvqs--tBI,
UuwS7FJB6EU,
DJ1iX8g5YrI,
1CfgavxFRlE,
uPaXiczv_fc,
N8voKIEOvWs,
02OSX3NSdE4,
QjFN6Z2XnF4,
SqLAIAFi9bs,
U0Vyrh41_QE,
Gxv-M0Cm4Nk,
JHyRf9dxt_c,
7_dQj5TTZZg,
TLwV5f0HszY,
XvhR45cT76E,
1g1drZ1j-C0,
IZwkxjrvfyU,
7klfzFwucic,
7pBzIM9j_MI,
8no9Njl1QMM,
acQ6VKafduc,
HiXG6FL2ONw,
oJwPvS-CO7Q,
83VejgNhNEQ,
wtfitoe-Kwg,
F4isanhNqS0,
FJUGUajmE8g,
ga9_ch1PSRo,
cKRaJltiLB4,
P0VICOM563c,
wh7_AHk_rHY,
Fg44uIza-u8,
CFrewYJfa_8,
bTUd48HdqxM,
0zbLACbyVSw,
eFaynWmGxcs,
NchdTiIDBqk,
7ryC7zQhnl4,
okUzc3XlBls,
cKQGEqHUSkc,
lTwAwPWPSO8,
jRUZ1JuHtPk,
ecc2L7oI-io,
9wO2RIEKMSg,
2hOXN-qzwRQ,
ztR4UtN2JwU,
jMT-DX4Zlo8,
swQFhwIBDx4,
lJYBvkq7yAg,
YHLc_VN1OOM,
G3F_xO1ObdM,
F4pvIL98ep4,
6G6Xo3Z-z9o,
8-H9xa5T63M,
4dVw3BZv4PI,
I__NPlB1iVU,
WwQW4SjqXQQ,
fGkgFn4UYJU,
IHfT2Jcz-F0,
NHBv1tEojFI,
uITJnNVJad8,
-24N2eMgHWU,
4hKpgPEZoNk,
D2O7LPnaU7I,
ssPhBNhMcv4,
c4jyDJ2dOos,
3GmLL2iBp0A,
QZy4msO3LgI,
ERVmfE-GlSk,
Skb_A91KWp4,
xAe6ndRxHQw,
u2NcYuaXizk,
MH7aoE85Gdw,
9hpV_xvfNCg,
15cZW5nHhW4,
zfJhBX6qA7U,
AxDR1ThbbQg,
2RRJS6RMcgA,
P4lRcuJpfEs,
Wppmox1oEAs,
YAwEo3HoV-0,
51afqNT7GLo,
gqRkET7lILc,
2K6YCdi6MHE,
dPVKbyDD_IY,
mFpLQqCmCfg,
GTsf087YEBg,
iBMNTNY3ujI,
Q73F03KXKv8,
inTd8Mxbz9Y,
WIasb2dqFkg,
jmfUgLT6zDU,
XpsdK7mnMOA,
ksdEMR-6qNw,
X8jMOe3wvWc,
DKXCl1zUNt0,
MIvbAByiXpI,
8DPxi_mG_L0,
Qctc61QCM9M,
SiE94aWu95U,
1URla9pms6M,
2femg-9Cff4,
9eUma7P7y2o,
hRbdcnHzDyI,
tlsLrOYqSXA,
vU0c4mMm8v4,
Qqxhzx3mt5o,
aE-vC9CZPrU,
0wZiiNFenew,
BgIdXrMU7bo,
aFLquwLYVPc,
PY6oR-Eizyc,
ZGFlyfTbULM,
_IN_vl8E7wY,
PgBTXRwyP8A,
ABbJ4sM4wws,
AtX2HN5aD5o,
Si1TvmBRV5k,
v0khgPev_b8,
jUIBxPDY1P8,
-aTNHQtV0FQ,
6n5e-mX7SbI,
Wtjv1iH4hHA,
jxWJLs7_doc,
9_k5H3j3iiM,
jE2VvGZktJo,
Y0vIN2LOSmo,
17LN00gOp5Q,
Y0_k5lc4DoE,
v5IKpyFrpV4,
hZpfs2tQeVY,
tsObLTAm_b4,
h7BN3jvxup4,
dIzZOUUwiek,
qAnaKfhvRek,
orF85MYmUVE,
lGLiISr0ij8,
06CMDDA4l8E,
kyMdni9vIWo,
r7wKye-48_s,
jnqPDyhNsfE,
6XrzpS6oR3U,
Bd0KokZZi2g,
0e1uShKh7Bw,
xX88FVbLku4,
K79We2v6ugA,
AMThQEcrex8,
pfttZEfZcQI,
wdSXvTCksFA,
81rMKseLIKA,
iq4wBcdmupA,
acSBkWemUHk,
OVPUWcKNHwM,
6L_OQUqwVNI,
7moYRZxgckY,
vOI8CbTl44I,
phC9aStP5ew,
Ci-HxP_8BLs,
l1ptfiu2W7g,
xhgYJj6hdJA,
bN8TWJCNBjs,
bmBrDsP0r_0,
icOSQFDCCdM,
x526K2vwgWo,
yY51qiMf_QQ,
e8wIscI13Ck,
IKXTmLSobxk,
Y1Duwb4Iw18,
trf-A17bxvM,
tcWtdT9ZkQ0,
TrGbQBaHoZI,
kHq6ssxcnAk,
ewz83EhaLjA,
urwPDL7OhQ0,
PTq4DUe3dSk,
EdPc8Ty2QvA,
S1spbw7tDBc,
8WVcBPnGsPU,
scIGGxB26QA,
WrVEyb7l0Aw,
EMmigMfsS1g,
7KpBiND0LX0,
ytH2Mm__hLQ,
S5VtQzQXVIw,
VKOb1o6cal4,
VKBCN5E7FrU,
1XpCfxBSaUo,
U73an6zLpcc,
tTeV0iwXsBg,
WZ7nfa1xsKQ,
FDFvxb_JFig,
V6E9mOb6k8s,
EKku1XLgjq8,
UxdJI_26_44,
DjIOmCR6Y8g,
-fLJeEFRa9E,
gbJf7cCAlMw,
pB_JKhtDjZI,
omDvfXxkpt4,
o5s50p2te90,
NYVDgJHOsyI,
ZBr1HJZthds,
UPIfH7YtCGs,
qhg4luq_kGM,
9tRehmiZLsM,
fIpuEMIHOj0,
nmTCmqbYQkg,
fHtiFbSk1lI,
OA_o84lwkDY,
T2f8H200_Tc,
CloaLlFVkKQ,
aQ7eqQHOUHI,
DDmcATMwlB8,
g8DU2IrRv3c,
fnXSlJJ1zMM,
6ycntly3OPo,
eBxrquPlDZg,
5l5GTPGPHqc,
vpBBij8WFW8,
pn5FgNGkQOw,
pGl_vsHv_9A,
TX87im7VzhI,
mIV75Vl2yK4,
ceyU5UBumLU,
ygCpDqj8VbU,
PkLxkj0rUpk,
RvnnGHYoTkI,
VVAAD8OIjCo,
h8EGbucmB5w,
38J2cidkrWg,
NpJKGTqssgw,
FuhMAOTAy24,
vfZV4lVkyK4,
XQTxq_XdkcA,
_PpJtdBFLds,
Tt2xC0Dm5Tw,
6w54QUUFw54,
MsaxRlrmTJA,
ApY9OouoagY,
OETUt2v_WVw,
W8WSUfL5PYs,
MNvaLVTkxWA,
DCUyV3eBilg,
mCoP4PjFZ8I,
AGbrEtfrvpU,
whv6dbJy_xg,
ph7d2Kar5OU,
KgRAqTusYDg,
gJdfgeh45yo,
gS_fbxyzMnI,
YA9rUdnXdk8,
fpy_ka7Cgtk,
YODkNuHtGQ0,
osTZZguEFNk,
lQlyR2l1Ny8,
q-aZFxwX5Zs,
HptzwRXjYB8,
DuKnbesHszA,
VEY8mlKPjP0,
Q5PbeobYX8A,
eA7fQWt4Wm8,
MoUJ0HjGhew,
Vm7tXif5vII,
7wQgrZQ3pDs,
Cp0zmoDWsQU,
r8-9pYzU-o8,
UhP9nlirRA4,
bk5F2SjNdno,
rTKaXaPIfG8,
DdrmgmoLEoI,
9BqYbu27B2k,
LvYbhJ6pryA,
wpJgFC_-WVE,
ZX0m5ir_S_U,
5wGsrXyZ9Js,
OYp2afqvM14,
nXUWK80TOTI,
h8ACky8IER0,
dP3o9UNEfgM,
bkfaWfd0FYQ,
5GZ-0ROGDHk,
bCEKCFeb5rg,
ct33HPh88yg,
q-g-dpB0ZIM,
KXe-MtfeD3M,
RMoCKMaEtDI,
pOHQdIDds6s,
FpMAs8GuQbg,
vGqvqtkI3fA,
3OgD2Yr8Clo,
xrHhO7YpYwU,
eVKJ4LROSiw,
NAbLHsErkWk,
_rKuoeZEinY,
6G2Gg6xwU4g,
1rcj40LcA_o,
Aa68yx1IyxE,
BttQmPv7fSs,
ypemvlQP4Dg,
JtxQuaPNw8o,
PRlmRnU9qts,
YbgaItnO518,
UJXL3HohYq4,
J3zJn6xyOII,
knRbqV7o2l4,
ax-_lScYPjM,
wCEQeqzz-dI,
9eyPXjWHTls,
yLq0x3DPIP8,
gXah_edKqGk,
b5Y1ijlrhuk,
7XavC2Ab4xM,
ES-iSR0bmuE,
K96Wz1k8b20,
4LAy9xYbEdg,
5Qe1kvssBiU,
0kxKwms3LFo,
19iW-oD3Gv8,
n5X-SxRuwVc,
d3y5wkSun1Y,
dNSLib36PyY,
hVhbJDisl4o,
m0euCL5SHvw,
40Ysn-Pn-0o,
Gz6pFfY5KP8,
yIvMQ7sApn0,
noEQ_Q0Hm6U,
3NWLCashGZ4,
eH1bpMYbaQk,
7JH8FRwxrdk,
WAPIWUZgJiE,
-9irHNEENLU,
tI70-2-rnYo,
gfIW1dqknhk,
cTClokDyL6U,
gDFh-ocrBkQ,
qD0US-w3jbQ,
xMk5lDICbkM,
NfdyhkuCTAo,
LoKQORTvUsA,
3iq0yc7eL-k,
UEihKugUMiI,
XK-2AxyT660,
TF0TRv7Fw94,
YHdAMUjjw98,
TwOsgfRS9uY,
HkSKi9gT1RM,
WR33Magdc-s,
SAr87bwOGaQ,
1k4kRtR9SaY,
J8Tv2fkwFDs,
_WqTaUxvwc4,
b3FQxPq8-1Q,
3LmEeix-ueY,
AoE2-_uRrU8,
FcQvkmMpFnU,
OyGs77SlHDI,
8a9QUHM6aRE,
FwJvdErt-yo,
abitH4tdRkU,
wd_TtVasOIY,
aOMiFI45AkQ,
I4vWHIDtNcg,
BRv6QDcIJCc,
Vuy3dCjDSUI,
I0Se3ce433Q,
LhA9owkaMIM,
NxW3PPkj_GE,
Xr4ck1KLrzM,
duNWzHgisP4,
4RCqUWSl3IM,
pRPjdGARp1A,
D7_9b20qs1w,
DcFY1LfINrU,
zrOqZHexvaE,
cU-oVWAocho,
mdKstDD7Wow,
tDQAaV8jPX8,
tEkXWkqW2dw,
gysCaTcdy3I,
kPWamcOOl1s,
0gWnxLo4XAE,
0KK3m-bRBCM,
3hBjLcOk9nM,
95xDspL1NwY,
n2hyf1F6cns,
dSSkjX74GDo,
ej9VsYmwLO8,
QvCRvE3z8bM,
EDxMDoE4nIo,
oSSdFDlYMOg,
ttQnHxcHGh4,
59WlYRMz6Y0,
jtt9LwvFMK0,
zguqwv6qR4k,
do7d5erCRSU,
zc1aCuJEgyc,
sHA4ZO9Nns4,
-9UpiPDkPyk,
4y5ruA4uN00,
pHUzQaOKKl8,
jBUQBXt6Ckw,
5Wlw28iVOuQ,
eFtz78ntIKU,
7Wj1P-t63nU,
sWQcJruyU8E,
96ZSu21Ac6o,
Tf4MEuN6icY,
jC0BbeFd2zA,
75Jfls-xK5k,
Zan22LB1Rnk,
xL0vImjjEqA,
JffXZ5d3bY0,
CxoBD-_y8gE,
i2qFMpbW7yM,
vIFcG7i5fhY,
AWzYnGKeHi4,
gzLSMcARzEY,
YtHm10xmRrI,
DluffFWv740,
ZuPF3MUWd0c,
A_syFs_VsEs,
I565HcQ-IJs,
sm5ZtGCG5sM,
yuIqdT2T_QE,
O_07cvnkudE,
6iqqUuisnUI,
pLuCMJe4yfM,
PLki7KvTfC4,
XiwgrWN6x3E,
OYFLs0k1hL0,
WsRs50S2EaI,
iOKXk2FiGh8,
GEnh_iIUsMw,
BKnJHGfoB4w,
v27wowqoWmY,
bGxURVN8vMk,
kaFUM9GHrm8,
2_evn2rg-80,
UDb2pB5wTWo,
rt939TpwCPo,
PFQRDm5Wgr4,
ebwJ72gaVoo,
0pEBPDROsAY,
eFcvZ3z2YXk,
GdegBhC-o14,
aqdXzOlMDNk,
-wWXYd3zE8I,
TJ8DP9nJiF8,
nT96XpW6A7U,
UuJLI8jm5mU,
fCcIZjQjJlY,
jcjrNxhFxw8,
77zNxJ5qSUM,
xo36-cKALjs,
TWk_BqA42fo,
IWkxM7Ro168,
FEAmMOHxo08,
EJfvq7m__f8,
uuCExYQHtK0,
t4vqULQp-F4,
hAy-M2SPJBU,
VYncUKXTDC8,
H0NneBAbmLc,
MZJkoYxJ6do,
Wh0JXS9VfNU,
N9phCHjI6cI,
OeekDDDxp_8,
QQzHqBz_J9o,
oIPeQb_mUxE,
JJV8B3KWKtw,
pIyjW7w-RtI,
LzAiFM7VHzM,
M8qhvcOaIjA,
GmTJ8yQOr9M,
C45-1rf65PU,
Y9mTt6YfDEg,
DllzCfSioVY,
CklGQtLibl8,
hSlb1ezRqfA,
NHld68S473M,
LV3G3VV4dvU,
pWBL5LVxTCI,
mzQNaaVFEpE,
QKbR-0_0BD4,
8Uh0kEKgVHU,
qdZPVWoRDVg,
yoJ46tkCEbs,
xJVh_D-zo3g,
b9BG03WjTQ8,
DxXepcoRt7k,
NoF6Tajj4UM,
Je1RjhoVvyk,
gQ0p13m-RSI,
-yrz54AVjAA,
FNOSGbb3L5U,
zoq-cBpDa6k,
5NQBSVYNnik,
1nmI88Cb_14,
yKjQL3S-PFI,
hn-Tr0ywEtc,
xiX_xDaD_ro,
5itAfNo4edI,
QKExAERg5bc,
lPQQjqTyJ4I,
RhEbuDjR13M,
azgMxy2Dcfg,
gS6fGud7GMs,
D4M2_07NRgw,
HTtKZcQHH7U,
tRA_E48MJBs,
wbCUFAgKJv0,
oxZZ8i3VuTU,
uwE3EFKX-mg,
bUOrWMW2P88,
pqYmpK5RvHg,
743w53fIQhI,
Ac-AFBcwLyo,
4T_JcpvLAfc,
myDm7VNecNM,
uxT2ZsF1zzU,
xKXsrSAFgiM,
2UJko5Hi50Y,
mVJPaBd4V64,
KtD6iEF_5Qo,
2UeMQgSZ078,
K3XPVvq1byA,
Jj8l8dVw4J8,
dL_-IaKNvxY,
TunpwgD_ERw,
MHVyT5UvnnI,
eDMrswx_yj4,
IyVKnnFMCjI,
fYqiUmTUoxM,
SFa5PyWTjKA,
1qZ9nU3aX3k,
YBAGjk5b2us,
T_QPbRYLN10,
WoXgav40inY,
ibjzyBj05wc,
56Cseu_z-Vs,
PW6YBIH25Ug,
XweHahM5J2U,
rUXEds1WEJk,
ymVT_vv8shM,
z9zGXEIOC_A,
mI6zC52p4_Y,
MQ32o5xaw9c,
rKIw6aQ-XaU,
wfT6_6gxLsw,
YuArO7eXBHI,
oW2x6HHnqtc,
mlWy8Rt1B_I,
NO6yMYS5U-E,
wq89e_OR3rY,
NLG0w7_RhM8,
9DZRncm4_FQ,
aBFzEcksMCo,
wVFov4IXmR0,
2InxJpq4BOY,
j5iuD2SZhzY,
59QYMIeqqmI,
Un1bFwlWnGQ,
kVJgN5e_CN8,
5NEce-Sroa8,
m1KHG4kF4sY,
HvVcggmm1kA,
uwP6e-OqeYI,
5RBCVkS1NYk,
Bqr4FvORjio,
1f16PIecFek,
GDhJ8mMBsLw,
nN86i9-jp3k,
PuS-63D2FeY,
bJeaKhXgX7Q,
V6wGBFVLOJQ,
FKUEVPFrIIY,
FEXSQdnuwn8,
qdtfZxbXmPY,
O5mgdbqElrA,
wOFmeQv0OiA,
AkO5xp76rGo,
qz2V3S_d7X8,
IQmY4GJWuTQ,
LK134n5ZLPI,
Ba9AX0wPniI,
CWD1Nke7Mig,
HnChaZyIWfc,
Tg0KcWXJBF4,
-ARn_6xSCus,
UHi5Mgvu30c,
bLggyKLma4g,
HxoE34s6xy8,
ySg-HbMIsIw,
7iLVYbz2j-4,
Hq9DbMrffL8,
MjkMtMr6Sbo,
WMoLNcG9hh0,
fJNsQrplS_E,
V9B76a3kUE4,
A1SglUrRqpY,
FS9ibk_mFhw,
8bpZT_jzhtY,
thGpuKeVRmc,
uWdMz2kf6xI,
_SZ9mA9QSqM,
a-qL2AH0ca8,
xMFAkazOWKY,
JNLU1WqjVDc,
O6D4mybPR7s,
8kN326_EjkI,
6nqC2rbcU7c,
-djiApAUH6M,
5cy9C1Vw8rI,
J_zzlj_TkPQ,
sbvtjpXzr88,
Oqvg5273Ltk,
OEGBe5VGiHE,
cVOI7iI58TA,
spQa2gia4to,
lELddVIOAYM,
KAAkWbTsS5g,
U0Z6w1-xh2A,
Abv5Fv9eRYM,
ato85vEK5Io,
O2727rXYh3k,
QcSNngttuWM,
whOlQ9Z4Iz4,
KiWNeqG_fp4,
DpzNhnProMQ,
8-DgkN2ilzk,
1h_7B10L668,
jv88fRisOUg,
Tga5-uFRgp8,
ipLg0nj5KKQ,
goH206VbWWs,
fX1yi2YbRtQ,
yzBYxtyHFM8,
8W-Jerw8aTs,
AykSE44wN4U,
W_jqb0VC6ME,
Lyi2ejZRPdI,
RG9s-UOT6uA,
G0CQgKRhHZs,
pCFFmPNy5UA,
ns_f7n0kJpE,
VYnkwoNhGgI,
EKB3TyQWgLQ,
gBB8bIeZWM0,
gyZQ0HdZIxg,
B4XAkJVpCxk,
I5c9FIr90tQ,
uyQSTl3Pp38,
EB_MUIX4OlM,
o8PH4-g3jSU,
22pjMwlXlOA,
Un4b1LF5G54,
CLyCwX4xO3Y,
6ojt3OzEAj0,
lbjjwbGMeXg,
VBjCFGNOYeo,
N6yvKaYwvDQ,
t3RXeDMVFLo,
AcpjaVw0DO4,
fFGZQBz4u5M,
H1iSMN_3w3I,
Ne9U2-R3FP0,
HsyVrlgkzOA,
SKbMMNtOUH0,
xLvgwKF2aT0,
B0x5H-6whEY,
FxRNXjTcPxI,
H5XRfN1Iqdo,
PNdSvCgYja8,
8eDZMAY_a2M,
jm1xRdV4HAA,
JAKHERCNS-g,
HtaX58rfJbE,
2gkSrVowxvQ,
WRsTRmcPJ0k,
drBqTrGU6cE,
g3oP7cFfQw4,
3aCeZATccPg,
h67h5dNrb6A,
SU6doVFBquQ,
crmb5w1yDMk,
vTiVDgvx7gw,
ImoEjXF8z_k,
cPnGvTzrz48,
9UNNWU0rLpQ,
dxS-Z-ENAhQ,
CnT8M9E17_E,
aGGse9OBVYA,
X3ElAkZ7JGQ,
xCKjS0H6fPE,
dRaC5bUu9Ro,
CMk9A3iBv0c,
lzUkYe2Jocw,
5FmmR5a4GnA,
7kE3p_yxFsQ,
G0d8AMcDVJI,
swMiXZ5ccus,
eIpA2dMfvKU,
aQGJz8FcwmQ,
I5B22jbEyUc,
9mB5vVVVwic,
DAFnrH_H0dQ,
ygmbAFsUReM,
mGEX_nYOuOk,
C4qrjt7DBOE,
xCEM9CQHGSc,
w1_M8H-Rwes,
DeKilgBUKxM,
yqduFNxfF4g,
VBHIq9ObvJI,
TZHlngNdgkY,
VatzOLAAgzg,
5DGsawX_o8k,
vMTFf214NdE,
2vlBq7ubKXs,
eYO81kVHDPg,
tXZxfMwN_zo,
zI3NRjlD7zI,
XWoz1tfazCE,
KbgpNPk6qz4,
xoM1Hq3SKT0,
usZtYo_Ocj8,
JimIKUqobLM,
T1CgwypE6dY,
zqavZ-Zvscw,
TBB4WufPzNo,
UmrJlTYJ8f4,
UMb9_udPkG4,
t6Tgul6SUGo,
2_FrEtu61TI,
o6ggs7mkxhI,
z3C6laCJlAo,
Ll92LLSbrMg,
FBORt1zEOMQ,
ObN7CFO4Iu0,
Ky-k9oYwmMM,
GTZmG7wuk9w,
tKVj-hbNOjo,
AGfvbisNlJA,
V-xMte_LN0Q,
Iif_E94G7NY,
PeJAhCficvE,
m1ABUDCTElY,
EtghWManQac,
6hGa13ysZyo,
WtTVVTpi52E,
BXcM2ZsiUyA,
Cl0RskSwmy8,
qiV66Qae3Lc,
BIpqPhQ4_xw,
VBadg5Flm9I,
bopXW3SJQrI,
cgv-56ycwrY,
c0CTQeg06CA,
FUfWG6tSop4,
zUdbFj7O65E,
PVgb8-roJac,
Layfa0FAHl8,
YRIn5m5w094,

