qANnv39B3aE,
Ah19Ayz_H4g,
0fGMgV5M57M,
mn1pG-JmQ3c,
jsV_MJ--7mM,
adeenirSAgU,
vHPGUqu6wQw,
QbrJATM8zZQ,
B7VI6h7vz8M,
qgdpBwbH4Zw,
tvVpKGNh0Pk,
rKizvs9O0bI,
ZPuohBlAc9c,
RgpnS1FyxGQ,
Aqcf4TQ85nM,
xhIHWc2oOcY,
XxX-S71vQk4,
U9OEdc9aPUc,
2Vhae739XnI,
EuydOKcK_nY,
BEa_hv_ddnM,
kMkhCDgkfGk,
7_Ga7vybnAE,
7zJJkh_BTDk,
lWui0gMyzNk,
9OFFwKo6MpA,
e9LsWe1tRxM,
Bh3v4aKD6Bk,
qYNBxd8mZik,
i4yjG4NoggY,
4LjQZATu6q4,
SuhPcFGeHzg,
acmB6VWf7bA,
LAAjVxk5svg,
k_HEfmBlzag,
GiQI4a_QAvw,
1v5Cj8lwyS0,
CUH4ZtIh9PE,
lRjiy6XR9sM,
2j-nqcAocOM,
aiFbSNgfR0E,
l7awnpGHcbU,
9_BFIwKGUHw,
Q2rmmqUCrN8,
jAPz4iFemRI,
-AVMSQdYKx0,
cF4u3KieeRY,
u4SHmuxl6Q8,
7Tfi268-Tn0,
wUGD-MAP3mw,
tA377jJxfQs,
ertNOYDQaO8,
OsKnBzhB1_s,
5hB9tZG-F3c,
HPVHxdi-AQw,
r1W7MX7mRhg,
QbZh-A5pydA,
rT_6RkJqRZg,
DXeYLuV16U8,
sH-9xfosu4A,
2faymgFxdJY,
3w2tKjJXWrc,
oNmu2auThhM,
LSh19IYQyzU,
Mkmp7sy0KI0,
Gm3E-xVB_yA,
7Q3dR-PtLHM,
y3Q2OFPsUNk,
pC35U76bl3k,
41kwYf8TwNU,
UAnBGL4f76o,
4fZU_TNaUt0,
DQoYvPaNmeg,
oF32bJoSn0U,
if5wM44V4_8,
3q-Z-9R65G4,
O60qdegk6OI,
D4oLm4-S8G0,
pRemdE4g9os,
hYvkSHYh_WQ,
iClciNBmsXo,
GB2Iq9xkMAU,
D3km53W7E8Q,
MEG6jGgakfo,
T6tfBW5MZfY,
9T0QntI1xBY,
S2XGiz1KTOs,
mfp6VQmHIDM,
Pz1-JfJVKqU,
Z4-Bbpnhp8c,
Tf4Jvtl1Fdw,
T0qyACKayVA,
ahTvRBvaB8M,
uHpEifM-cMA,
KRP0_rikFXE,
gs2Od_b8s4Q,
wcUDRjJwtbY,
DTwbWkE4YHU,
L_LjCzVe_sU,
eMofUCht7FE,
YtUiqdAUfTs,
9qAmBv6SGY8,
O4w5rz__q00,
p5kGniCkXDQ,
VRvBncOPfxE,
c6Iw3gngplE,
aqyZN9MKYxQ,
Z2rPocUq1lk,
bq5WM791_BE,
oriQgqdd1uA,
PBYm_EkR-NA,
gqKlR4rrANA,
hE8JHtxLCTw,
4wDrkoe-FQ4,
0w6n8Puo2kY,
lxmilOyfJqc,
h4lrt756lz4,
Bm9K7SEqP3s,
Zo2y23IS1gg,
ozdqkO7csSo,
ibeouIKSMG8,
R38U0-ipXzs,
wD7UbV8AMFg,
EsmWeOPuoY4,
Yr8gAqJu8Ko,
pnffJKnTG8g,
Hixb09jmk7g,
PwEEmQRGr0w,
n9yb9wOYKiI,
gVOnSwaoG5g,
kJDOzr4NQ3c,
ApvKHIo7jtQ,
iO9XYUfaGVk,
QdTbYRrnG4E,
Y74joEFaQKc,
c07FElVnD3g,
uZpDNHHyKzY,
957qcHwk-WM,
CzSltxEJSXg,
9jru48LGVG4,
zaGYPuBZ-uY,
R7TyzQTyOKk,
26SrJtYdlhI,
1i8cL_iEYN0,
cCUju5kTiZ4,
XbofCqpbxDs,
A3q7wlJkrIc,
UgNcMLftOMA,
yPkqHvswy6U,
sUILTZm-xIs,
iPWMMEia96o,
4eGQr59VZOc,
KPjEHiXpmg0,
jkOGSKV82UE,
Z_7W6nlmb8o,
hXra2ZJXIRI,
bbzzwEaQhGk,
LxhrYZJ4beQ,
crueIl5i7Cs,
Xb4kct6-Iwg,
6hq8-E5Jm90,
45gsW5YMaiM,
cHe_Hsg4sbs,
u0ISZL2r7zA,
RNyerS8nlwk,
291uCJX9NFY,
JKNDy0VfTfI,
7AbKlOL1tx4,
JLCGzI82kk8,
iJ51AW5vkXo,
VKjcplL20y0,
KoprGOF2UZA,
BFh-WZ_hFZ8,
q-OOKdcyES8,
9Whk8NRKKy8,
nRKEWK_iLPI,
6H_rfTEQxE0,
thsgyfb3xX4,
n1irwWQltww,
sfAA8lKorpQ,
xHvan_6BgkQ,
KVwTmgKF94A,
ZBldHMTpyLQ,
juPQGFFcoxE,
V9VoDeolVAw,
uMVbVAh9AGk,
mZVdsgWebHA,
j_eOUmZUToA,
ishjwSRAblM,
HOoRLMWcw80,
4lQ8sGLh5Sc,
wi0sTf8VED0,
pPVKdWiueY4,
PQuCrlgr_DM,
c0ewEVB0UWk,
y2W40Gmm-xk,
XWzPZr77JqM,
7SsHizZ1yck,
z4eBO8hPyFk,
MrkJa8Y4LlY,
0kxxzDa_Wv8,
9fOpZHAAHpE,
_DkXrShIETk,
FBhVRJ9A-Gw,
0vgb8g2TBxk,
C4CAC-j6dlY,
H3LV4Qv6jcw,
aLC3Zt6MGbM,
2GXvZTSzvqU,
FDMFqQm9KDs,
oTfgQz1wAgU,
laVkT7W7BCA,
mmlnXd96kZw,
gw84iwAB_30,
vZ8UtpjVy0o,
MnsCKS74YN4,
VlI8LPDD01E,
Y_JQhlTiLcc,
I2lkGvv0q6Q,
5sXE-yn51M0,
a2AQ1S8V5GI,
Pvw6N4qKrXc,
kv2Td_H2MJY,
tVHWGFRGY_o,
VHnL5LtIRag,
iDvOKDu1sIA,
w0_BzZhPY1Q,
rOvogWYdzqU,
FvLn5-zQU5I,
Y5EXV2xso2A,
QJDfkzdWKis,
xFGBe7Yrw4M,
V_jLNHtki7w,
Za5uxkIGLKY,
uFxlFdAlrCw,
5aQIZDTQ1Hs,
ya3un8EFBJQ,
Jj2RStWG-iM,
ABWkJ4OaFs8,
u33lDPc8Vug,
ZS85WooKkOg,
3KjtLJR76yI,
r--oWPi65Zk,
I5FLhS2YxmY,
2ZoQdEjOnR0,
dKqDNHAQRdc,
WfcLuD0-xnA,
_m1jEcwcgDM,
3OxmMFFTK8Y,
vGlxVGKUR3Y,
VAx1ZYDxd10,
M25pVfE1WOo,
3G8IMCJVhr4,
mf8bbgKZz_M,
B1VEsS_RGjo,
IdkcQBjWJbs,
qqnHi6JoFYA,
VeBP2Sau0Ig,
L0WG7Jn8oes,
7jWP8uFLMGk,
iYUuHfMt9Ho,
UEdhxiQ1wRU,
WQlb6AX_uQc,
TTCoLIZXpiA,
SFLHXlEZcUc,
jw9Pg8Nif7g,
PM2SsS6Nd5c,
mFhE6Z48dy4,
Pw9E-bVljyE,
RmixKATata0,
3N9UYcJkdIY,
ziXEKNY03OY,
WnkhdYRoi2I,
twISFwZLVEU,
9g20gkL0lsg,
Zv5Gb65rYts,
sGxPoemkKwE,
8149iwgZcVo,
cIhGLRUazo8,
YFkiKWPoU7c,
2XqFn9bafao,
PCV55O7Z7D0,
pyCsXDDtw0g,
Bz4YycwLsRc,
nGl9MzI7-sw,
fh6QHNbrdBs,
g3XKaBB32c4,
GqGiuAmYUuU,
SgHb_sOPEfA,
txcCYvxngwI,
zAZWBeSWYBY,
NejoQMQ5FoA,
GylH379sUG8,
P8QxbRNxSLg,
_okMNMglDoU,
8aBWswu2mho,
i-mXgXQ9ZOM,
eoCN7BIHhD4,
qFrxC8QabmE,
L3WFIiIe1Fo,
GTWIRVRy2Ho,
rTv3u8dw74s,
0tgDf-39K3M,
miQYoLc-Osg,
hvEGxfLcxRg,
9YRcRBVSI-I,
D-x6PAopTjE,
bwg4gsZ_iYg,
TvGwYurcN7Q,
_FGBkvJKxzg,
1CjZVxFPYZo,
7juAYdnKIaQ,
KLJfXtmnSBw,
078cnNUIpbk,
Efit3mkoJOE,
dI-us5s7vKA,
xFBbPo3lZIE,
yU-aBsOSEj8,
x9X94vesBx0,
8MMXaHKFqqk,
QQvY8F3YyHM,
PEZ6bIu1VkU,
PWghzvkY2ls,
vTP-Z-BVAWQ,
81nQ2L1tJ2Q,
4xKawQBQ11A,
XKWyCradhpA,
RshgBuZPLQ8,
B7J6c5HHKic,
wy9qT9bzTgc,
psvHFtQ5-_s,
H3akzvxYKsM,
IjgPHJTbfK4,
8CKhepXHpnY,
naJPqL2-T7w,
srKfaSs2qBc,
fFJsLljJfS8,
00Oqe2RvebY,
ccBk7Y7_ULY,
P0FR0EoOIxQ,
F3I0SdMUquU,
WiHmJCGQ2J0,
BxJBxFPfU28,
sRLjkhC_2Wg,
u_JaMsbWrKg,
CpZiBV3q5Vg,
NQ22xLWhHOI,
6BEtf-YhxAw,
jqxA9ifQeOE,
AAPcgnCyMiQ,
r2DGdeu9EME,
X84ZodK6q4U,
2kanIDxkRZs,
ShbBDjQ7zpA,
tWq5Uqe4JYQ,
SNd-tC670fY,
hpagAYSuu3k,
aL-bxnc0aqE,
By3dC5pp5Yw,
piXaQG4AnaA,
uouTeh2r9QA,
i67HtgDKsrU,
g5RnyxdSQYI,
UQJFFsulGwU,
pZ2i4K55LY0,
nwEsvzUAsE4,
bTeq-fg5T78,
QSnbG9GN5ek,
0IgVc8B5KU0,
h-SMQae_FTY,
SemvJ53Y6a8,
b7JVAQxHE64,
UzkFULIpaBs,
A3J1bVjewrw,
rh3Ybo-ayAo,
YdKeBD71bhc,
ygpHALAIIgs,
NFd2ui5prfM,
TjbGCvoHlZk,
3Xeag0vd7s0,
CX0vT91MgeE,
3UMuYjI0Bk4,
f3--gf32b94,
P5AQCPaxb7w,
M_qizSKojSg,
_P6Q3UuFdTk,
p9_A7cKDLDg,
uLPP986E0EA,
qQHTNFhzpiI,
LO2xBd-ZEVk,
2jU1-mtvgdY,
Efcih4W_a24,
Q7cHxXnRCGc,
7nPQfWZffFE,
F5L4HF0E5PU,
LNZO6hk2vVU,
_3f2eHafCus,
ufTwMQFAnNk,
ZvcL3YMeVvk,
sbYfesC-bVU,
BlKtYlzYQXc,
ISVL0-5QFQs,
DvN6VQBT3RQ,
BWbOXxpIw58,
YtyzQTH1x88,
E4-NAwBu37w,
S32xatv17dU,
k4f8vOYRoj0,
DHa5HrgTp6Q,
HepVyATKa-c,
1Plg9l-PhJQ,
7SpgyFtlvUE,
Nn7UletM2uI,
-_sKTpm8zj0,
PpaWvOE5U4c,
Ae1fqr5M-dM,
tNcRfuySzRU,
OsyK5zNkA64,
qKERH-EBDgc,
aJrXYVf_rxY,
NSp2_b_gmH4,
CZTSFbgG6TM,
hbJh0nprxMI,
31WhXTG7E4E,
cfGo3ezjEYU,
TiRo5e3d7fE,
yPMm-nylAXU,
of2MzUOwi1M,
GMoK9oYdFvA,
OLYeAnZ2goU,
Oh7G1Vr-3rA,
LVsiMBp4m7c,
9fC5_sSSKZI,
JIZ7EWDHkj0,
kZvpftoIn0s,
40WOjbj616o,
8LDLimWW0vg,
v_xvLTei3fc,
2YZf_aVF8pc,
If01IM2j-3M,
A4meHVdPbXA,
Oe_OY3adLZQ,
VzSG6_loArY,
Ikc6IuH-r2A,
PcTho4czpSk,
WKeOo3HfXbQ,
2qBiPFdw36U,
hTcCAsXIXqU,
-wRX1VucmtM,
W6zsZayU3FU,
alD_0nI-X6c,
WiSiiIBnuUs,
r9aBnLImT9I,
0zXvje5cdN4,
4x8mUwarG8Y,
lYDawhzbuRc,
XB3t4p_YHnc,
3dvGF6GExUI,
AnBq09pQpcc,
r-4LItZUbYA,
3EZ8zWurI78,
thd-smZNH2M,
x4tfm1qlgCQ,
8acOSjd2mhg,
jdZVA8KAEuE,
LXF5YldLTZE,
VE3nQlBckeM,
J7w3tQwxyVQ,
s-KNkjgeje8,
EifxDHvMVRw,
alN-OQ21V9k,
G4OrBTlXUvQ,
REkN5kvmzEk,
uz4Pl9hRsyQ,
5hamAHr_h3Q,
kT3-5PevrSg,
a84gbA5sJlU,
6Ejp0ORKf5U,
NT8Wj5moYAw,
YHd7So62Cg4,
9WE9ndTXp-k,
M7GJd5UU_CI,
J-ryzqUcj90,
uPm61_PFC7E,
sk3855_OVpo,
vUDBNOVgJsw,
NsORg21uUbg,
TvT6O4Q_48A,
a5_QMH_Qr8Q,
4P-GO1P1z0o,
cnXB9Ruh7YA,
4MgdyqFrkWw,
I6u_GRchjkI,
1GeyP9-i0a4,
oil_EKnnn7c,
FgofFYZctMM,
JYqyCYETKR4,
YG8Nbx8pHXM,
PswGdOGJWtI,
aWHOAedLS1g,
lP8VrO_o2jo,
tYdHaJY4c5g,
oricn3lBHkQ,
3zD4qkylcp8,
J9zxOBrZsZM,
Y8qFwL9dpso,
CK98Wv5jdWE,
dRlF3g6u3gQ,
503Jo7pvJCs,
LVuAKVOP9fY,
yX3i_dCYf-0,
t3GjGdnYw2g,
ioGvU4cwEJw,
LPmzCK3jLKw,
aNV8cYD4Wfk,
sgtUm-gkWJs,
xaYtaUMUQNk,
BAYa3dVx2Go,
9uXXEWL1IKA,
Fce-s9zks7k,
L00fkeemQGY,
P2knWV2O9uc,
rPyFffgjYZg,
bTV5PLNS6-k,
l8OvebCvCS8,
8SHTMe6_zuA,
NQfpXw1Yoxk,
MRN6_KqLxtU,
9DoDoJn_4IE,
ScvCdE7yTqM,
p_IQ9nGwOB0,
C8jEn0z3SNQ,
uiPvPA-36C4,
uUr62HFh5eg,
7V56UooZoEU,
3SUE1BQo8Jg,
UGXV7-e4k9U,
dMYapwbr1cQ,
kLvIMOtz5kY,
u8eIN4hXuEk,
FAyBXA2mJJE,
G7rh0H8qwDU,
qhlXMK_xTFQ,
Mu5ooSMtijQ,
Q0qMSO-YpEg,
f1raebxLR6o,
rvow2-wYsPA,
9dSwpLPy1To,
Xxu8YrKD0P4,
Tman2UJ6lwQ,
2PFdIBzb0b4,
xAqQmY6zR24,
8qaM-ZgWAGU,
Yo8ryQ6b1Gc,
rwxUVLu92bM,
e6IJowLQe9o,
wN-zd9cXeRk,
dB2MW8NgqKM,
GtjYH_66aNY,
fCvXh7OLBew,
C6uZlnmDH_Q,
NJJyxK9dyBo,
uh4q25BFaQA,
uyu7gU-YLqY,
Q-G__vwGCqA,
xX8nkbR8A9A,
Joj7sva5kso,
2uSAky280Vk,
GNrqmbVxmz8,
xKpFVL6BWOI,
ngFn36S3cYQ,
y0J7YaHIgbs,
jls3lMmHbvA,
dSKemJSAJGQ,
aqmxEna05lM,
njGfexRaYDc,
rCM-ksb95H8,
0sCVVPQ3y0o,
bZh8970LWnw,
F-aQlZTHBBY,
s7vAGwUeT9k,
mrfizShH1Ss,
gds0MO0VyNk,
71JEbkmwhTM,
r9T7owc1o2o,
6iVXZz8cx7M,
Oe4HOoTr39c,
1ap9y_f8ufQ,
6ElPQl_F6w8,
d7BfDSUQEuI,
czSf83cLh-I,
23xpN1wnFss,
vl9XXEkVc6I,
LwpDoefOmkc,
FOGK8fLiOFE,
xrOpa4FSqGc,
P7ltT3cjNPs,
o-aLRivTfX4,
Y-pNnYjucOE,
wOYFzm7bRvE,
WKHnZIpvIBo,
XGxLkZ07kNE,
fHN4ixJAWjY,
L7u4X_uilm4,
954NbTcfjjo,
A2uSoiQ40Gw,
O721rSjxnMA,
aXA3CIH6LVg,

