aj47qzeF00E,
dpyBs9lhbk4,
nRfnV5kiDb4,
rTsJKiWsT18,
NzvF4E51Fa8,
ACHlm2_26oI,
Ta7h_MmAP5E,
Q7tAOyeQUn0,
qdtbyjo7V7g,
mS5Dratbhzs,
-3btajbStXQ,
HNdoEy1gdR8,
4E8qmF10Mts,
DjfKD1k8O2M,
c8kl764FTzY,
yfc08X_SCac,
pjkFjpElTlE,
-vzXo9O9aAg,
PHEozxRqT-w,
zQLs5H0VR7Y,
CHmLL2H0T5k,
oVMiUqixda0,
VmU7N0tPPEs,
pBDCncHRqW4,
isNwcawRNuE,
wCyFw4YQIIY,
os6_sSJiYQA,
oU24o7WEzcU,
4yZNL1B8rgs,
al-8yZfoo4I,
JYwEXqDFZ_0,
T-5uahJUGVU,
qR3IY4HCsMI,
MEw4_9KNy7o,
JwOEQhnjySk,
HxOHD_AltgU,
Vwfs_xq2QWk,
SWoyn94a0vs,
ip-oYWy2ICc,
t2pTiGidjBQ,
M2iwAC8qkJs,
U_QI3Ldx-2Q,
h2padawzRuw,
hY5D1SZ_MN0,
aRWaE68AOY0,
2z870cifG_A,
XBK9oHA0A40,
76cEriG3OPY,
XHarZFMCdNo,
FtGkbUv4BdU,
nR5NdOtEDNs,
SlHxVA_ljlw,
ARiX-z9a044,
ImKMeJBIaPc,
kLipUBpjTIQ,
G3eVjgn5jYg,
KBA6Db9moD4,
46ix0wkdGOs,
KyYoi1nSGG0,
iEPC50gfTv0,
qVwRIoJKo_8,
ihgl0WurKF4,
gL2oTY2-fUM,
GinBiXMZMJM,
qiArBrcjocg,
wxfkC4M7NhI,
8t7g9290j2k,
XOSb8a8qZwY,
wCK0liZT8Ns,
irBVm7xvxR0,
buMZoDup_IA,
CAUOSaLHZE8,
8-RPVAVkovw,
SGtTgrtONr4,
u5DESlv4TNs,
Hj0ouz4zkKo,
Kp4bH8RWKi4,
ZBgZ1POHf1o,
cd6gTZrXigI,
D1vRNBpqkcA,
muOibQWLz3o,
VxV3Ba6whVc,
tRBsfAIg4-0,
8qBnrS9-d4M,
BDhOX4odwSY,
XvSpaTuA7e8,
ptmnW798Af0,
Hn0PGgM6LmE,
Z5NlaQtMtkA,
qx3nUJq_csk,
qhQqaLZnGoc,
Rcg7pwR5iIk,
PiI150VpvV8,
u1LoPvm1VCw,
68fZGK1g5ZQ,
B40oOpDatIQ,
eQzOpJ420X8,
3S1UhxXoIs0,
bbYY-zY6Fos,
qZvwI9p0060,
pi3qoRnHhoM,
aUFKep_XHes,
sixl5pRTLDI,
BdKpxbTnI7Y,
q_KlDxmejwE,
JhRstavJ-Qw,
8miQQnHbckc,
ItduC8Sne3Q,
ZyfuDd7f20Y,
SfCsb4Ck75w,
34UCkAJKt6M,
l14ejKg__HY,
QA_MVj6jiC8,
m-punh_Pi-4,
-bSM6iswghE,
AVSUHR9P3Zo,
UU17_MCho1g,
uMZdI3wqy1c,
SgSh-oLR75o,
EvSYVb_4vjI,
0UnVgDyOhbc,
W8NuWp6uHsM,
p7Pf1RCfHiA,
Xy7rEIj1Slg,
Kx-tU6_zqQE,
I3-w67U9mz4,
Cdf6ehABDb8,
i5x4rhLTWtY,
5QZ83WvpyVA,
n7Gc5eUz8_Y,
Vjw6sLvkzD4,
OUTZfA25mhM,
edAjVROXPbY,
doRCmc937S0,
EkzcB5GLQ_s,
KU8Rcx7nhbo,
YnZlH-kEh5s,
LLYB5lGR6H0,
NTI2PttoDCA,
3TMlB45Vbag,
jX_u3B4myFo,
qpO9Zw_Hi-M,
19L2JuQ1Ba0,
OLrkfoIFXcs,
Vuhce_yYW1U,
9OGRutz7zPM,
WxcQsgss6Ac,
dKnoOdDLy4o,
MQM8FfwFbqs,
p08M3ZOI_F0,
c7ofIgJ-SSQ,
GbThP8OutEE,
0AvgPMVaJAE,
6CL5AO5GXs8,
jtdFg36VT6A,
JUw4p1WqVkA,
okJjrNj1w1Y,
5IS7jkkTZYE,
ORr5572NzZE,
qoBNaNKkuUA,
ElE2xzTslF8,
EW_1iKfOJRc,
-Zy28mVeVZw,
YX4LOrsULnc,
zZmT69M_mq0,
SkBchOx23d0,
GiNa0US2ELs,
GkzhtQ2xWxQ,
VYScK5dlxGg,
RVCMlIKYIKQ,
qM32EjvMHaM,
Dn_d_hsbvAs,
ZPjuWMv0Ql0,
A3vPW1vcOxA,
8u0FFGze6R8,
5SbdHuJQqfE,
rrS0dSg3e-E,
IAXcT5ZRzq8,
ELmj3ba_kXk,
k1McicKvIx8,
CLjeYdjrGaM,
T_V0J0_80Uw,
oXLRytUT0B4,
C7qL3J9JGxQ,
uGLplQ9sqI8,
1hOikkvAOBc,
1-EFj8UPhyc,
mTzbWnyw924,
OCo6wKSSadk,
918Y3qjtUXM,
s4ConSuNczk,
VmB5Ka7hw-E,
MYfBX_7VzqE,
7G37tBjVN4o,
LtLHCAH2JvI,
azcGAWtxDLU,
sRpYgdCPVp0,
Jp2vBffm4zA,
sXNGu8_zlAA,
p3bl1zPyLJw,
u8lrsjL6yaQ,
06ft5LgeeHk,
Ud1x_Fdd13w,
yrOlx4e6ADg,
iLjAjoJ-69s,
Jt_KQhhqk4A,
VJ1S_buX1Jw,
EFbFvIV_ctw,
28D80bH-ZhM,
XSasMIFrY2E,
wS8rZKAWUq0,
AJkLkpJ2ttA,
2FXly3gkkeQ,
NEKYo6B0EiM,
ekdlgaQTt04,
m6W_9b5l2UU,
mokBdDTz7aM,
Drz3FGWY1HY,
dpmfMtYHDDM,
tfbPcNO6_ho,
-EePlyjx6u8,
ysMGh0c1gkY,
W2FgPRTwqpI,
g4mMlHbZDsQ,
NDaxPYAQq7Y,
VqXckVbbIlQ,
mXOOgXLxxLY,
PqwbB9YchwA,
iroQf2P8TP8,
VSqARce_RVY,
fCKOSXmNzos,
4yhjiL5Slsw,
8YI-HGpF7L8,
EEqq4PVTPVA,
UUYzbdmII6A,
_24trIQlm3E,
1W39WLQEZ3c,
hxRDoULkNIk,
po4uV3N8q6M,
UXZL1Ytakis,
m7KdLt8mK2U,
NHkVHFNe39E,
aEEFnFQoQOQ,
-RotxW9qZPg,
5IZ4WZZ6hIo,
w9p7kd2Sewg,
Cccx1KKdIJ4,
uy0p5TPzwUM,
mU8uj0u-9zQ,
ZlZYtFY1K1o,
Zi72EIeexE8,
cn-euNCLgbI,
Edqb13_Mh5E,
I9GfUig3n6k,
AS5GPwq6FvA,
Fc1FlXS3w44,
uCzB1TS5oF8,
v4MQoOoM59U,
K-jAa--VvqE,
Yfng1I4NhQ4,
NQjRnit-Hw4,
sRM5DzbHdwM,
LN1Uzh1I0MY,
brdnnHeSlYA,
OMVj9bQyPCs,
Ow-ZOY2Z2uk,
_9RDpUESsIA,
FuDZ682YueE,
L3W7Yj-eRaA,
vgZ-GLXFQJw,
13PSSxIFcrA,
snUGIuOx60c,
VSx5-N25Duw,
De8y8rXMrIc,
kjlfQLLC74s,
v1tXZijMdpo,
JQu9z2xiF68,
nHWGTy6spXg,
EBsQ5Yg_OBw,
dZfOCNdFydI,
G8kvBAMODAo,
wuY9po_ZByw,
AwZZoXAe1eI,
cTPA15PXD-M,
2v77fmOmxl4,
_8-emppVN6g,
IbdzC6L1wwg,
i8e8MQXVTeo,
v2_C5E8O0RI,
NiH-PJwczN8,
6bVdWnXs_fk,
Prinv07xXhY,
_vZkReS20-s,
tgWmConLNqM,
JU0HpLfmk08,
Kdt8PuCpmkM,
pzMzahHzzp8,
UMdreCWnZgk,
3xu0CslH0a8,
k4NfH0l2uQA,
UT0qLYSF3bQ,
7ejVeAkmn-Y,
mnzQAyUPYFc,
L5EBSz9jS6U,
C-nMUOm552s,
qZaXets_9rI,
sUx0xXxXk_o,
az21ZIGlWes,
weQp0GmFw4A,
wa5C4VWhgO8,

